filename,entity_id,variant,take,role,status,folder,source,original_filename,added,notes
SHM-CHR-001-ZAHHAK_V01_snake-shoulders-plain-staff.jpeg,SHM-CHR-001-ZAHHAK,V01,T01,PLATE,CONCEPT,01_CHARACTERS,unknown,Man_walking_with_black_snakes_202609031256.jpeg,2026-09-03,"Front/back 3/4 plus mask-crown detail and velvet swatch."
SHM-CHR-001-ZAHHAK_V02_dragon-robe-oldwood-staff.jpeg,SHM-CHR-001-ZAHHAK,V02,T01,PLATE,CONCEPT,01_CHARACTERS,unknown,Zahhak-_Old_Wood_202609031256.jpeg,2026-09-03,"Carries SHM-PRP-002. Includes velvet, embroidery, mask texture and crown metal swatches."
SHM-CHR-001-ZAHHAK_V03_dragon-robe-cobra-staff.jpeg,SHM-CHR-001-ZAHHAK,V03,T01,PLATE,CONCEPT,01_CHARACTERS,unknown,Zahhak_Hair_202609031256.jpeg,2026-09-03,"Identical to V02 except carries SHM-PRP-001 (cobra staff)."
SHM-CHR-002-JAMSHID_V01_sunburst-mask-gold-crown.jpeg,SHM-CHR-002-JAMSHID,V01,T01,PLATE,CONCEPT,01_CHARACTERS,unknown,Jamshid_202609031257.jpeg,2026-09-03,"6-up plate: mask closeup, front, back, robe detail, nose detail, crown."
SHM-GRP-001-WORKERS_V01_block-mask-tunics.jpeg,SHM-GRP-001-WORKERS,V01,T01,HERO,CONCEPT,02_GROUPS,unknown,group_of_primitive_civilization_worker.png_202609031257.jpeg,2026-09-03,"Five figures, dusk, stone wall behind."
SHM-GRP-003-FIRE-PRIESTS_V01_beaked-sun-masks.jpeg,SHM-GRP-003-FIRE-PRIESTS,V01,T01,HERO,CONCEPT,02_GROUPS,unknown,group_of_primitive_fire_priests3.png_202609031257.jpeg,2026-09-03,"Four figures, split yellow/teal backdrop, drifting ash."
SHM-GRP-004-ROYAL-WARRIORS_V01_stone-masks-sun-shields.jpeg,SHM-GRP-004-ROYAL-WARRIORS,V01,T01,HERO,CONCEPT,02_GROUPS,unknown,group_of_primitive_roal_wariors.png_202609031257.jpeg,2026-09-03,"Formation with spears and sunburst shields, white brick wall."
SHM-GRP-005-PALACE-GUARDS_V01_faceless-stone-heads.jpeg,SHM-GRP-005-PALACE-GUARDS,V01,T01,HERO,CONCEPT,02_GROUPS,unknown,Guard_202609031301.jpeg,2026-09-03,"Rank of eleven, overhead grass background."
SHM-LOC-001-GATE-CEREMONIAL-STONE-RELIEF_V01_horse-reliefs-dusk.png,SHM-LOC-001-GATE-CEREMONIAL-STONE-RELIEF,V01,T01,HERO,CONCEPT,03_LOCATIONS,midjourney,Digianzu_colossal_ceremonial_entrance_gate_to_an_imagined_anc_92307444-62ad-43de-bbac-15bb597569f4_1.png,2026-09-03,
SHM-LOC-002-GATE-CEREMONIAL-CYPRESS-COURT_V01_bronze-door-water-channels.png,SHM-LOC-002-GATE-CEREMONIAL-CYPRESS-COURT,V01,T01,HERO,CONCEPT,03_LOCATIONS,midjourney,Digianzu_colossal_ceremonial_entrance_gate_to_a_thriving_anci_0fa87ff4-8044-4d4c-8acf-50235668c14b_1.png,2026-09-03,
SHM-LOC-003-GATE-CEREMONIAL-MARBLE-SCREEN_V01_storm-sky-cypress-rows.png,SHM-LOC-003-GATE-CEREMONIAL-MARBLE-SCREEN,V01,T01,HERO,CONCEPT,03_LOCATIONS,midjourney,Digianzu_colossal_ceremonial_entrance_gate_to_a_thriving_anci_e032d034-0cc3-4617-9696-78ece3b1f737_2.png,2026-09-03,
SHM-LOC-004-MOUNTAIN-PASS_V01_lone-peak-dirt-road.png,SHM-LOC-004-MOUNTAIN-PASS,V01,T01,HERO,CONCEPT,03_LOCATIONS,midjourney,Digianzu_immense_ancient_mountain_passage_leading_toward_the__8829e93f-b961-4d4d-89a4-eda3ff685acb_1.png,2026-09-03,
SHM-LOC-005-IRANIAN-PLATEAU_V01_late-dry-season-wide.png,SHM-LOC-005-IRANIAN-PLATEAU,V01,T01,HERO,CONCEPT,03_LOCATIONS,midjourney,Digianzu_vast_Iranian_plateau_in_late_dry_season_immense_open_a6788344-b754-47e9-97bd-7fc76f1c2c61_1.png,2026-09-03,
SHM-LOC-006-MERDAS-PRIVATE-HALL_V01_shrouded-throne-crown.png,SHM-LOC-006-MERDAS-PRIVATE-HALL,V01,T01,HERO,CONCEPT,03_LOCATIONS,midjourney,Digianzu_Location_The_private_ceremonial_hall_of_Merdas_insid_1205dbaf-5984-41fb-a447-b8e1ce129acf_3.png,2026-09-03,
SHM-LOC-007-ROYAL-AUDIENCE-PLATFORM_V01_dark-monolith-facade.png,SHM-LOC-007-ROYAL-AUDIENCE-PLATFORM,V01,T01,HERO,CONCEPT,03_LOCATIONS,midjourney,Digianzu_monumental_austere_royal_audience_platform_in_the_re_31028d90-0a86-49f8-ae51-51ee5b62a437_2.png,2026-09-03,
SHM-LOC-008-ZAHHAK-RITUAL-KITCHEN_V01_offerings-hearth-vault.png,SHM-LOC-008-ZAHHAK-RITUAL-KITCHEN,V01,T01,HERO,CONCEPT,03_LOCATIONS,midjourney,Digianzu_Royal_Ritual_Kitchen_of_Zahhaks_Palace._Vast_undergr_5ece3d75-2cda-41cf-bfcb-90d2f96cfd53_1.png,2026-09-03,
SHM-LOC-009-CEREMONIAL-RECEPTION-HALL_V01_empty-dais-oil-lamps.png,SHM-LOC-009-CEREMONIAL-RECEPTION-HALL,V01,T01,HERO,CONCEPT,03_LOCATIONS,midjourney,Digianzu_Wide_frontal_architectural_view_of_a_ceremonial_rece_07ea368c-9aa0-497f-bc39-f3839d240f4a_2.png,2026-09-03,
SHM-LOC-010-THRONE-TAKHT-E-JAMSHID_V01_fog-gilded-throne.jpeg,SHM-LOC-010-THRONE-TAKHT-E-JAMSHID,V01,T01,HERO,CONCEPT,03_LOCATIONS,unknown,Takht_Jamshid_202609031258.jpeg,2026-09-03,
SHM-LOC-011-PALACE-UNDERLEVELS_V01_carved-rock-stair-corridor.png,SHM-LOC-011-PALACE-UNDERLEVELS,V01,T01,PLATE,CONCEPT,03_LOCATIONS,midjourney,Digianzu_descending_secondary_circulation_route_inside_a_thri_a0ef1036-9a58-4a52-8af9-4d66057e6360_1.png,2026-09-03,
SHM-LOC-011-PALACE-UNDERLEVELS_V02_mudbrick-multilevel-court.png,SHM-LOC-011-PALACE-UNDERLEVELS,V02,T01,PLATE,CONCEPT,03_LOCATIONS,midjourney,Digianzu_descending_secondary_circulation_route_inside_a_thri_a2dbcc11-fe3c-4ab8-b57c-be0a0ed46368_0.png,2026-09-03,
SHM-PRP-001-STAFF-COBRA-BRONZE_V01_turnaround-sheet.jpeg,SHM-PRP-001-STAFF-COBRA-BRONZE,V01,T01,TURNAROUND,CONCEPT,04_PROPS,unknown,Generate_Zahhak_snake_staff_prop_202609031255.jpeg,2026-09-03,"Front, back, head detail, base detail."
SHM-PRP-010-GIFT-DIPLOMATIC-SET_V01_stone-slab-flatlay.png,SHM-PRP-010-GIFT-DIPLOMATIC-SET,V01,T01,PLATE,CONCEPT,04_PROPS,midjourney,Digianzu_carefully_arranged_diplomatic_gift_set_from_an_imagi_d2d40777-210a-4230-a6da-855b8fdd85d0_0.png,2026-09-03,
SHM-PRP-010-GIFT-DIPLOMATIC-SET_V02_niche-staged-gold.png,SHM-PRP-010-GIFT-DIPLOMATIC-SET,V02,T01,PLATE,CONCEPT,04_PROPS,midjourney,Digianzu_carefully_arranged_diplomatic_gift_set_from_an_imagi_d2d40777-210a-4230-a6da-855b8fdd85d0_3.png,2026-09-03,
SHM-CRT-001-RIDING-BEAST-PALE-BEAKED_V01_seated-saddle-blanket.png,SHM-CRT-001-RIDING-BEAST-PALE-BEAKED,V01,T01,HERO,CONCEPT,05_CREATURES,midjourney,Digianzu_believable_giant_terrestrial_riding_animal_native_to_d376b79c-0909-4cd7-80ee-2f81831f8bd1_0.png,2026-09-03,
SHM-CRT-002-RIDING-BEAST-LONGBEAK-BLACK_V01_forest-hill-scale-ref.png,SHM-CRT-002-RIDING-BEAST-LONGBEAK-BLACK,V01,T01,HERO,CONCEPT,05_CREATURES,midjourney,Digianzu_colossal_four-legged_riding_beast_extremely_tall_fro_bb555897-b263-4728-a85b-27f6befcaba7_1.png,2026-09-03,"Two figures in frame give the scale."
SHM-CRT-003-RIDING-BEAST-STONE-HIDE_V01_plain-scale-ref.png,SHM-CRT-003-RIDING-BEAST-STONE-HIDE,V01,T01,HERO,CONCEPT,05_CREATURES,midjourney,Digianzu_enormous_domesticated_terrestrial_riding_beast_belon_25187d2d-1bc4-4aae-8700-b143c61171b6_2.png,2026-09-03,"Three robed figures give the scale."
SHM-REF-001-BOARD-CIVILIZATION-CASTE_V01_workers-craftsmen-priests-civilization.jpeg,SHM-REF-001-BOARD-CIVILIZATION-CASTE,V01,T01,BOARD,CONCEPT,08_REFERENCE,unknown,workers_craftsmen_priests_Civili..._202609031258 (1).jpeg,2026-09-03,"Bottom-right quadrant repeats the workers frame."
SHM-REF-001-BOARD-CIVILIZATION-CASTE_V02_workers-craftsmen-priests-warriors.jpeg,SHM-REF-001-BOARD-CIVILIZATION-CASTE,V02,T01,BOARD,CONCEPT,08_REFERENCE,unknown,workers_craftsmen_priests_Civili..._202609031258.jpeg,2026-09-03,"Bottom-right quadrant is the warriors. More useful than V01."
